00:00|двенадцать часов ночи|В двенадцать часов ночи еще танцевали. Элен, не имевшая достойного кавалера, сама предложила мазурку Борису.|Война и мир. Том 3|Лев Николаевич Толстой|sfw
00:00|полночь|Была лунная зимняя полночь, мы ночевали на хуторе в Тамбовской губернии, по пути в Петербург с юга, и спали в детской, единственной теплой комнате во всем доме.|Новый год|Иван Бунин|sfw
00:00|полночь|-- Как долго ждать! Уже и полночь прошла.|Мудрые девы|Фёдор Сологуб|sfw
00:00|полночь|Страшное время -- полночь в дебрях леса.|Трущёбные люди|Владимир Гиляровский|sfw
00:00|полночь|Несравненно ужаснее и отвратительнее полночь в трущобах большого города, в трущобах блестящей, многолюдной столицы. И чем богаче, обширнее столица тем ужаснее трущобы...|Трущёбные люди|Владимир Гиляровский|sfw
00:00|полночь|В полночь они заботятся о будущей ночи, в полночь они устраивают свои ужасные оргии и топят в них воспоминания о своей -- прежней, лучшей жизни.|Трущёбные люди|Владимир Гиляровский|sfw
00:00|полночь|В полночь он услышал голос помощника, звавший его на палубу. Ещё через несколько минут боцман услышал голос капитана, звавший его на палубу.|Самсон Назорей|Владимир Жаботинский|sfw
00:00|полночь|Пропивая как-то в "Бедных людях" мелкий гонорар, он подслушал разговор двух известных телешоуменов - дело было за полночь, и они продолжали начатую в другом месте пьянку.|Generation "П"|Виктор Пелевин|sfw
00:00|первый час ночи|Шел первый час ночи. Дождь лился по крыше ровный и цельный, точно вся ядовитая, бесформенная и сплошная скука, которая гнездилась на земле, собралась и впиталась в его капли.|Бабаев|Сергей Николаевич Сергеев-Ценский|sfw
00:53|0 часов 53 минуты|Баг тем временем уже прошёлся пальцами по клавиатуре "Керулена". Действительно, отметка о том, что цзюйжэнь Берзин Ландсбергис покинул территорию ризницы в 0 часов 53 минуты имела место в охранной системе Патриархии.|Дело жадного варвара|Хольм ван Зайчик|sfw
01:00|час ночи|В час ночи два чемодана были затянуты ремнями. Но выйти из дома нельзя. - Люба, - проговорил Азеф, - потуши везде свет, пусть думают, что лег спать...|Азеф|Роман Гуль|sfw
02:00|с двух часов ночи|Русские войска проходили через Москву с двух часов ночи и до двух часов дня и увлекали за собой последних уезжавших жителей и раненых.|Война и мир. Том 3|Лев Николаевич Толстой|sfw
02:00|два часа ночи|Было два часа ночи. Мале подошел к дверям кордегардии Десятой когорты Национальной гвардии Парижа. -- Кто идет? -- окликнул часовой. -- "Конспирация"... -- .."Кампания"! -- ответил Мале, и перед ним широко распахнулись ворота столичной казармы.|Исторические миниатюры|Валентин Пикуль|sfw
02:00|два часа ночи|Я взглянул на часы. Было два часа ночи, я не слишком твердо держался на ногах, да и в голове изрядно шумело.|Земля обетованная|Эрих Мария Ремарк|sfw
02:25|2:25|Телефон зазвонил среди ночи. Он открыл глаза - на часах 2:25. Спросонья он долго не мог сообразить, какого дьявола в таком месте вообще звонит телефон.|Рвота|Харуки Мураками|sfw
02:30|половина третьего|А вы говорите, чудес на свете не бывает. Уже на платформе Семен обнаружил, что в Москве время движется не так, как всюду. Иначе никак невозможно было объяснить того обстоятельства, что стрелки на башне Казанского вокзала показывали пятнадцать минут девятого, в то время как на циферблате навороченных "командирских" часов Семена была половина третьего нового дня.|Книга счастья. Новый русский водевиль|Игорь Плотник|sfw
02:47|2:47|Я увидел ее в 2:47. Столько было на часах, когда я на них посмотрел. На этот раз девушка появилась чуть раньше, чем прошлой ночью. Я не спал -- ждал, когда она материализуется. Глаз не сомкнул, что моргал -- не считается. Но все равно момента, когда она возникла, не уловил. Как то проскользнула через слепую зону в моем сознании.|Кафка на пляже|Харуки Мураками|sfw
03:17|три часа семнадцать минут|Женщины прятались под кровати; пожилые джентльмены прятали деньги в стволах вязов, а жена одного фермера-птицевода живущего в семи милях к северо-востоку от Эстеллина, в Южной Дакоте, женщина, широко известная своими кулинарными талантами и острым глазом, ясно видела отряд из девяноста двух мексиканских солдат, проходивший мимо ее дома в три часа семнадцать минут утра 27 июля 1939 года.|У нас это невозможно|Синклер Льюис|sfw
03:55|без пяти минут четыре|Ветер дул в спину. По моему расчету, через два часа должен был наступить рассвет. Взглянув на свои часы с светящимся циферблатом, я увидел, именно, без пяти минут четыре. Ровное волнение не представляло опасности.|Бегущая по волнам|Александр Грин|sfw
04:00|4 часа утра|Тачанка визжит, тяжелый мутный рассвет вдали, мокрые поля. Фиолетовые полосы на небе, с черными провалами. На рассвете - местечко Верба. Железнодорожное полотно - мертвое, мелкое, пахнет Галицией. 4 часа утра.|Конармейский дневник 1920 года|Исаак Бабель|sfw
05:00|5 часов утра|В 5 часов утра еще было совсем темно. Войска центра, резервов и правый фланг Багратиона стояли еще неподвижно; но на левом фланге колонны пехоты, кавалерии и артиллерии, долженствовавшие первые спуститься с высот, для того чтобы атаковать французский правый фланг и отбросить его, по диспозиции, в Богемские горы, уже зашевелились и начали подниматься с своих ночлегов.|Война и мир. Том 1|Лев Николаевич Толстой|sfw
06:00|шесть часов утра|Он думал о князе Андрее, о Наташе, об их любви, и то ревновал ее к прошедшему, то упрекал, то прощал себя за это. Было уже шесть часов утра, а он все ходил по комнате.|Война и мир. Том 4|Лев Николаевич Толстой|sfw
06:00|шесть|Помолчав, он снова объяснил: - "Разбуди меня ровно в шесть".|Червь|Джон Фаулз|sfw
07:00|семь часов утра|В семь часов утра конвой французов, в походной форме, в киверах, с ружьями, ранцами и огромными мешками, стоял перед балаганами, и французский оживленный говор, пересыпаемый ругательствами, перекатывался по всей линии.|Война и мир. Том 4|Лев Николаевич Толстой|sfw
07:05|семь часов пять минут|Посмотрев на часы, репортер "Трибкш" увидел, что стрелки показывали семь часов пять минут. Таким образом, у него было еще двенадцать минут, и он ждал в полном спокойствии, от которого его противник был, без сомнения, очень далек.|Завещание чудака|Жюль Верн|sfw
07:14|семь часов четырнадцать минут|В семь часов четырнадцать минут он встал, вышел на площадку, вынул из кармана револьвер и, проверив заряды, стал ждать.|Завещание чудака|Жюль Верн|sfw
07:16|семь часов шестнадцать минут|В семь часов шестнадцать минут послышался все нараставший грохот встречного поезда из Геркуланума, двигавшегося по другому пути, в противоположном поезду Гарри Кембэла направлении.|Завещание чудака|Жюль Верн|sfw
07:40|восемь часов без четверти|Противно своей привычке опаздывать, Пьер в этот день вместо восьми без 10-ти минут, приехал к Бергам в восемь часов без четверти.|Война и мир. Том 2|Лев Николаевич Толстой|sfw
08:00|на часах ровно восемь|Странное дело -- хотя, может, не такое уж и странное, -- но в постель я залез ровно в полночь, заснул мгновенно и спал очень крепко. А проснулся в восемь утра. Такое вот совпадение: открываю глаза -- на часах ровно восемь.|Дэнс, дэнс, дэнс|Харуки Мураками|sfw
08:00|8 часов|В 8 часов Кутузов выехал верхом к Працу, впереди 4-й Милорадовичевской колонны, той, которая должна была занять места колонн Пржебышевского и Ланжерона, спустившихся уже вниз. Он поздоровался с людьми переднего полка и отдал приказание к движению, показывая тем, что он сам намерен был вести эту колонну.|Война и мир. Том 1|Лев Николаевич Толстой|sfw
08:00|8 часов утра|Наташа ехала на первый большой бал в своей жизни. Она в этот день встала в 8 часов утра и целый день находилась в лихорадочной тревоге и деятельности.|Война и мир. Том 2|Лев Николаевич Толстой|sfw
08:00|восемь часов|Встал в восемь часов, читал Св. Писание, потом пошел к должности (Пьер по совету благодетеля поступил на службу в один из комитетов), возвратился к обеду, обедал один (у графини много гостей, мне неприятных), ел и пил умеренно и после обеда списывал пиесы для братьев.|Война и мир. Том 2|Лев Николаевич Толстой|sfw
08:00|8 часов утра|На другой день, в 8 часов утра, Пьер с Несвицким приехали в Сокольницкий лес и нашли там уже Долохова, Денисова и Ростова. Пьер имел вид человека, занятого какими-то соображениями, вовсе не касающимися до предстоящего дела. Осунувшееся лицо его было желто. Он видимо не спал ту ночь.|Война и мир. Том 2|Лев Николаевич Толстой|sfw
08:00|восьми часов|С восьми часов к ружейным выстрелам присоединилась пушечная пальба. На улицах было много народу, куда-то спешащего, много солдат, но так же, как и всегда, ездили извозчики, купцы стояли у лавок и в церквах шла служба.|Война и мир. Том 3|Лев Николаевич Толстой|sfw
08:10|десять минут девятого|Все вещи и тандем были уже уложены и отправлены в Лондон накануне; поезд наш отходил только в десять минут девятого.|Трое на четырех колесах|Джером К.Джером|sfw
08:10|десяти минут девятого|А поскольку он еще не пришел, Лоренсо Даса сел на скамью и ждал до десяти минут девятого, снимая и вновь надевая то на один, то на другой палец тяжелый золотой перстень с благородным опалом, и как только Флорен-тино Ариса вошел, узнал его и взял под руку.|Любовь во время чумы|Габриель Гарсия Маркес|sfw
08:15|четверти девятого|Однажды вечером у него сломались часы и остановились на четверти девятого. Он этого не заметил, потому что забыл их перед сном завести (случай для него необычный) и повесил у изголовья, даже не посмотрев на них.|Трое в лодке (не считая собаки)|Джером Клапка Джером|sfw
08:20|двадцать минут девятого|Учительница впустила нас в класс, когда часы на стене показывали двадцать минут девятого.|Мы все из Бюллербю|Астрид Линдгрен|sfw
08:20|двадцать минут девятого|Может быть от сотрясения, когда он швырял часы на постель, может быть по другой причине, неясной самому Джорджу -- но часы, застывшие на четверти девятого, пошли, и теперь показывали двадцать минут девятого.|Трое в лодке (не считая собаки)|Джером Клапка Джером|sfw
08:30|Половина девятого|- Но папа! - она взглянула на часы. - Половина девятого, я смогу вернуться только без двадцати десять. Неудобно заставлять мистера Карстерса так долго ждать...|Портрет Лидии|Алан Александер Милн|sfw
08:45|без четверти девять|В актовом зале, где каждый день в без четверти девять вся гимназия от приготовишек до восьмиклассников выстраивалась на молитву амфитеатром, большое огорчение Зайцу доставляло параллельное отделение первого класса: великаны этого класса каким-то островом торчали среди всей мелюзги первых рядов, и на острове этом Рюриков был еще головой выше всех.|Кощеева цепь|Михаил Пришвин|sfw
09:00|ровно в девять|- Эта женщина полагает, что если я разумно пользуюсь жизнью, то я уже не могу отличить передней стороны картины от задней и переплета книги от ее содержания. Я поеду к ней ровно в девять. Посмотрим, что она пишет дальше.|Карьера одного борца|Бернард Шоу|sfw
09:00|9 часов утра|Было 9 часов утра. Туман сплошным морем расстилался по низу, но при деревне Шлапанице, на высоте, на которой стоял Наполеон, окруженный своими маршалами, было совершенно светло. Над ним было ясное, голубое небо, и огромный шар солнца, как огромный пустотелый багровый поплавок, колыхался на поверхности молочного моря тумана.|Война и мир. Том 1|Лев Николаевич Толстой|sfw
09:00|9-ть часов|На правом фланге у Багратиона в 9-ть часов дело еще не начиналось. Не желая согласиться на требование Долгорукова начинать дело и желая отклонить от себя ответственность, князь Багратион предложил Долгорукову послать спросить о том главнокомандующего.|Война и мир. Том 1|Лев Николаевич Толстой|sfw
09:00|девять часов утра|В девять часов утра, в назначенный день, князь Андрей явился в приемную к графу Аракчееву. Лично князь Андрей не знал Аракчеева и никогда не видал его, но все, что он знал о нем, мало внушало ему уважения к этому человеку.|Война и мир. Том 2|Лев Николаевич Толстой|sfw
09:00|девять часов|В девять часов проснулась графиня, и Матрена Тимофеевна, бывшая ее горничная, исполнявшая в отношении графини должность шефа жандармов, пришла доложить своей бывшей барышне, что Марья Карловна очень обижены и что барышниным летним платьям нельзя остаться здесь. На расспросы графини, почему m-me Schoss обижена, открылось, что ее сундук сняли с подводы и все подводы развязывают - добро снимают и набирают с собой раненых, которых граф, по своей простоте, приказал забирать с собой. Графиня велела попросить к себе мужа.|Война и мир. Том 3|Толстой Лев Николаевич|sfw
09:00|девять утра|В том, что наступило горькое раскаянье, Дэвид убедился, как только спустился ровно в девять утра вниз.|Башня из черного дерева|Джон Фаулз|sfw
09:10|десять минут десятого|Но самое главное - я увидел на стене часы, так напугавшие меня своим тиканьем. На мгновение мне показалось, что глаза продолжают надо мною издеваться. Часы - если они, конечно, шли верно - показывали десять минут десятого. Резким движением руки я отбросил в сторону занавески на окне и выглянул на улицу.|Ночь триффидов|Саймон Кларк|sfw
09:30|Половина десятого|- Дядя, сколько время? Господин в чесучовом пиджаке и люфовом шлеме "здравствуй и прощай" приложил к римскому носу золотое пенсне, задрал седую бородку, мельком взглянул на циферблат и быстро сказал: - Половина десятого.|Белеет парус одинокий|Валентин Катаев|sfw
09:30|полчаса десятого|Гаврик остолбенел от изумления: - Дядя, а как же там написано - девять и с половиной? - Значит, и есть полчаса десятого, - не глядя на мальчика, строго сказал господин, сел на извозчика и уехал, поставив между колен палку с костяным набалдашником.|Белеет парус одинокий|Валентин Катаев|sfw
09:30|полчаса десятого|Оказывается, девять с половиной все равно, что полчаса десятого. Странно. Очень странно. Во всяком случае, не мешало б спросить у кого-нибудь понимающего.|Белеет парус одинокий|Валентин Катаев|sfw
09:36|тридцать шесть минут десятого|Потом взглянул на часы-браслет: тридцать шесть минут десятого. И стал ждать, чтобы прошли семь минут.|Волшебная гора|Томас Манн|sfw
09:38|тридцать восемь минут десятого|Работа на станции как будто замерла; заинтересованные драмой, служащие собрались у парка; остановившийся у дебаркадера поезд, прибывший тридцать восемь минут десятого, застал их врасплох.|Человек-зверь|Эмиль Золя|sfw
09:40|без двадцати десять|- Но папа! - она взглянула на часы. - Половина девятого, я смогу вернуться только без двадцати десять. Неудобно заставлять мистера Карстерса так долго ждать...|Портрет Лидии|Алан Александер Милн|sfw
09:40|без двадцати десять|-- Черт подери, и в самом деле, а теперь без двадцати десять.|62. Модель для сборки|Хулио Кортасар|sfw
09:45|без четверти десять|Первое, что бросилось нам в глаза, когда мы вошли в комнату Николауса, были стенные часы. Они показывали без четверти десять. Возможно ли, что ему оставалось так мало жить? Сердце у меня сжалось.|Таинственный незнакомец|Марк Твен|sfw
09:45|без четверти десять|Эта мысль придала ей энергии. Надежда снова улыбнулась ей. Она взглянула на часы, - без четверти десять.|Два брата|Константин Михайлович Станюкович|sfw
09:45|без четверти десять|Труш каждый день выходил из дому пунктуально без четверти десять и возвращался четверть пятого; по вечерам он всегда сидел дома.|Завоевание|Эмиль Золя|sfw
09:55|без пяти минут десять|В 10 часов вечера Ростовы должны были заехать за фрейлиной к Таврическому саду; а между тем было уже без пяти минут десять, а еще барышни не были одеты.|Война и мир. Том 2|Лев Николаевич Толстой|sfw
09:57|без трех минут десять|Батальонный командир, подполковник Лех, который, как и все офицеры, находился с утра в нервном и бестолковом возбуждении, налетел было на него с криком за поздний выход на плац, но Стельковский хладнокровно вынул часы, посмотрел на них и ответил сухо, почти пренебрежительно: - В приказе сказано собраться к десяти. Теперь без трех минут десять. Я не считаю себя вправе морить людей зря.|Поединок|Александр Куприн|sfw
09:58|без двух минут десять|Наконец майор Фрей незаметно, как ему казалось, но это отнюдь не ускользнуло от внимания восьмисот зрителей, бегло взглянул на часы. Они показывали без двух минут десять. Начальник курса решил срочно прекратить представление, так как каждую минуту мог появиться генерал.|Фабрика офицеров|Ганс Гельмут Кирст|sfw
09:58|До десяти две минуты|Глубоко вздохнув, Сеппи сказал: - До десяти две минуты. Через семь минут, Теодор, смерть останется позади. Он будет спасен.|Таинственный незнакомец|Марк Твен|sfw
09:59|ровно без одной минуты десять|Именно на подобном противоречии и решил сыграть подполковник. Он попросил у дежурного ключи, якобы забрать оставленные у Воронова шахматы. А затем, ровно без одной минуты десять, вошел в номер майора.|Тень Ирода|Чингиз Абдуллаев|sfw
10:24|10 часов 24 минуты утра|Двор дома. Московское время 10 часов 24 минуты утра. Повалил снег. Мы стояли рядом, держали мёртвые трубки и размышляли, кому бы позвонить еще. Откровенно говоря, выбор у нас оставался небогатый -- Сеня Печальный.|Книга счастья. Новый русский водевиль|Игорь Плотник|sfw
10:00|десять|Серёжка пришел ровно в десять, как договорились.|Самолет по имени Сережка|Владислав Крапивин|sfw
10:00|десять часов|В десять часов пехотные солдаты, бывшие впереди батареи в кустах и по речке Каменке, отступили. С батареи видно было, как они пробегали назад мимо нее, неся на ружьях раненых.|Война и мир. Том 3|Лев Николаевич Толстой|sfw
10:00|десять часов|Был жаркий июльский день. Уже в десять часов, когда Ростовы выходили из кареты перед церковью, в жарком воздухе, в криках разносчиков, в ярких и светлых летних платьях толпы, в запыленных листьях дерев бульвара, в звуках музыки и белых панталонах прошедшего на развод батальона, в громе мостовой и ярком блеске жаркого солнца было то летнее томление, довольство и недовольство настоящим, которое особенно резко чувствуется в ясный жаркий день в городе.|Война и мир. Том 3|Лев Николаевич Толстой|sfw
10:00|десять часов|В десять часов господа Ростовы и раненые, ехавшие с ними, все разместились по дворам и избам большого села. Люди, кучера Ростовых и денщики раненых, убрав господ, поужинали, задали корму лошадям и вышли на крыльцо.|Война и мир. Том 3|Лев Николаевич Толстой|sfw
10:00|десять часов утра|В это же время, в десять часов утра 2-го сентября, Наполеон стоял между своими войсками на Поклонной горе и смотрел на открывавшееся перед ним зрелище. Начиная с 26-го августа и по 2-е сентября, от Бородинского сражения и до вступления неприятеля в Москву, во все дни этой тревожной, этой памятной недели стояла та необычайная, всегда удивляющая людей осенняя погода, когда низкое солнце греет жарче, чем весной, когда все блестит в редком, чистом воздухе так, что глаза режет, когда грудь крепнет и свежеет, вдыхая осенний пахучий воздух, когда ночи даже бывают теплые и когда в темных теплых ночах этих с неба беспрестанно, пугая и радуя, сыплются золотые звезды.|Война и мир. Том 3|Лев Николаевич Толстой|sfw
10:00|десяти часам утра|К десяти часам утра 2-го сентября в Дорогомиловском предместье оставались на просторе одни войска ариергарда. Армия была уже на той стороне Москвы и за Москвою.|Война и мир. Том 3|Лев Николаевич Толстой|sfw
10:00|десять часов утра|2-го сентября в десять часов утра была такая погода. Блеск утра был волшебный. Москва с Поклонной горы расстилалась просторно с своей рекой, своими садами и церквами и, казалось, жила своей жизнью, трепеща, как звезды, своими куполами в лучах солнца.|Война и мир. Том 3|Толстой Лев Николаевич|sfw
10:00|10 часов|С раннего утра начались напряженные хлопоты и усилия, и в 10 часов все пришло в требуемый порядок. На огромном поле стали ряды. Армия вся была вытянута в три линии. Спереди кавалерия, сзади артиллерия, еще сзади пехота. Между каждым рядом войск была как бы улица.|Война и мир. Том 1|Лев Николаевич Толстой|sfw
10:01|одна минута одиннадцатого|Вскоре лодку было уже не различить, она скрылась в тумане. Мойра взглянула на ручные часики - одна минута одиннадцатого. В эти последние минуты ей вспомнилась давняя детская вера; надо что-то сделать, подумала она. И слегка заплетающимся после выпитого языком пробормотала "Отче наш".|На берегу|Невил Шют|sfw
10:02|две минуты одиннадцатого|Но... -- Бауэр вошел в раж, -- но есть два бесспорно установленных факта. Вашу машину оставили на Фултон-стрит в две минуты одиннадцатого, а в полицейский участок вы явились в десять двадцать три. Такси в том районе тогда не было, автолюбители никого не подвозили.|Идеальное убийство|Джон Синклер|sfw
10:07|семь минут одиннадцатого|Боже мой, семь минут одиннадцатого, а я-то здесь с вами!|Таинственный незнакомец|Марк Твен|sfw
10:08|Восемь минут одиннадцатого|- Мои часы всегда немножко спешат, - сказал я. - Который час на ваших? - Восемь минут одиннадцатого.|Тихий американец|Грэм Грин|sfw
10:09|девять минут одиннадцатого|В девять минут одиннадцатого у трейлера, ехавшего по внутренней стороне московской кольцевой автомобильной дороги, протек поддон картера. Дело было между Варшавским шоссе и Профсоюзной. Трейлер остановился, и на асфальт вылились полтора литра масла. После этого трейлер проехал несколько метров вперед, включил аварийку и принялся ремонтироваться.|Охота на Изюбря|Юлия Латынина|sfw
10:10|десять минут одиннадцатого|Было десять минут одиннадцатого, когда пароход снялся с якоря. Мощные лопасти его колес пришли в движение, и он поплыл вниз по течению, усеянному кусочками пемзы, добываемой из источников в ущельях Скалистых гор.|Завещание чудака|Жюль Верн|sfw
10:10|десять минут одиннадцатого|Ральф Эндикотт вручил чек кассиру. - Все правильно. Да. Это тот чек и моя подпись. Он был удостоверен в десять минут одиннадцатого семнадцатого числа.|Дело одинокой наследницы|Эрл Стенли Гарднер|sfw
10:12|двенадцать минут одиннадцатого|- Сейчас только двенадцать минут одиннадцатого, - заявил он. Спрятал часы, застегнулся, еще удобней уселся на своем стуле и продолжал переваривать пищу, ленивый, дородный, спокойный. - Еще полчасика можно посидеть, - сказал король. - Тут очень уютно.|Гойя, или Тяжкий путь познания|Лион Фейхтвангер|sfw
10:23|десять двадцать три|Но... -- Бауэр вошел в раж, -- но есть два бесспорно установленных факта. Вашу машину оставили на Фултон-стрит в две минуты одиннадцатого, а в полицейский участок вы явились в десять двадцать три. Такси в том районе тогда не было, автолюбители никого не подвозили.|Идеальное убийство|Джон Синклер|sfw
10:25|двадцать пять минут одиннадцатого|Он смотрел так, как будто ждал разрушения мира, и не то чтобы когда-нибудь, по пророчествам, которые могли бы и не состояться, а совершенно определенно, так-этак послезавтра утром, ровно в двадцать пять минут одиннадцатого.|Бесы|Федор Михайлович Достоевский|sfw
10:42|Сорок две минуты одиннадцатого|-- Сорок две минуты одиннадцатого! -- сказал Николь. -- Остается всего пять минут,-- заметил Барбикен.|Вокруг Луны|Жюль Верн|sfw
10:55|без пяти минут одиннадцать|На следующий день утром, без пяти минут одиннадцать, Мартин Опперман сидел на третьем этаже мебельного магазина "Генрих Вельс и сын". Вельс пригласил его на одиннадцать часов. Он не сам подошел к телефону, а велел передать через служащего, что Мартин может прийти в одиннадцать. Мартин явился без пяти одиннадцать.|Семья Опперман|Лион Фейхтвангер|sfw
11:00|часов одиннадцать утра|Было часов одиннадцать утра. Солнце стояло несколько влево и сзади Пьера и ярко освещало сквозь чистый, редкий воздух огромную, амфитеатром по поднимающейся местности открывшуюся перед ним панораму.|Война и мир. Том 3|Лев Николаевич Толстой|sfw
11:00|одиннадцать часов утра|В одиннадцать часов утра ему привезли известие о том, что занятые французами флеши были опять отбиты, но что князь Багратион ранен. Кутузов ахнул и покачал головой.|Война и мир. Том 3|Толстой Лев Николаевич|sfw
11:03|три минуты двенадцатого|Часы показывали три минуты двенадцатого. Шум моторов перешел в плотный, почти осязаемый рев. Спинка кресла прижалась к плечам Серегина, и красные огни взлетной полосы понеслись мимо, сливаясь в сплошную черту.|Мушкетер|Валентин Рич, Михаил Черненко|sfw
11:03|три минуты двенадцатого|В три минуты двенадцатого все необходимые бумаги были уже у него в кармане. -- До свидания, -- покровительственно кивнул он Хранителю, проводившему его до лифта. -- До свидания.|О дивный новый мир|Олдос Хаксли|sfw
11:04|четыре минуты двенадцатого|- Лучше не надо, - посоветовал мистер Хен и поглядел на часы. Стрелки показывали четыре минуты двенадцатого. - Ваши спешат, - сказал я. - Они всегда впереди. - И в этот миг фонтан взорвался.|Тихий американец|Грэм Грин|sfw
11:05|пять минут двенадцатого|Накануне супруги Лебле не ложились спать до прибытия из Парижа курьерского поезда, приходившего в Гавр пять минут двенадцатого. Они сгорали от любопытства: чем кончилась история с супрефектом.|Человек-зверь|Эмиль Золя|sfw
11:05|пять минут двенадцатого|По совести признаться, рассказывать было почти нечего. Никакого экзамена, собственно, не было - было легкое приемное испытание, продолжавшееся пятнадцать минут. Оно началось в половине одиннадцатого, а в пять минут двенадцатого приказчик в магазине рядом с гимназией уже вручил мальчику, галантно улыбаясь, его старую соломенную шляпу, завернутую в бумагу.|Белеет парус одинокий|Валентин Катаев|sfw
11:05|пять минут двенадцатого|Конюшня была расположена справа, в глубине сада. Когда они проходили мимо садовника, тот укладывал инструменты, собираясь домой. Ругон вынул часы; было пять минут двенадцатого: конюх, очевидно, ушел завтракать.|Его превосходительство Эжен Ругон|Эмиль Золя|sfw
11:07|семь минут двенадцатого|Я взглянул на часы, было семь минут двенадцатого, и улыбнулся про себя -- мы отстояли четырнадцатичасовую вахту, и не просто отстояли, продирались в дебри где грудью, где ползком, где вброд; если бы кого из нас заставили проделать такую же работу на производстве, мы написали бы жалобу в профсоюз.|Царь-рыба|Виктор Петрович Астафьев|sfw
11:10|десять минут двенадцатого|Часы показывали десять минут двенадцатого. Мейсон поднялся по широким ступенькам и нажал кнопку звонка. Через какое-то время дверь открыла красивая женщина с ясными голубыми глазами, на вид ей было лет двадцать восемь.|Тень стройной женщины|Эрл Стенли Гарднер|sfw
11:10|Десять минут двенадцатого|- Почему вы его убили? - крикнул старик. - Из осторожности, - отвечал равнодушно врач. - Десять минут двенадцатого, Время спешит, господин комиссар, время спешит. Осторожность никогда не мешает, Хунгертобеля я тоже убью.|Подозрение|Ф.Дюрренматт|nsfw
11:14|четырнадцать минут двенадцатого|Часы показывали четырнадцать минут двенадцатого. Комиссар очень устал и время от времени закрывал глаза; каждый раз, когда он их открывал, видел часы, каждый раз большие, круглые, плывущие в пространстве часы. Берлах понял, что спасенья нет. Он погиб. Хунгер- тобель тоже. Эменбергер разгадал замыслы комиссара.|Подозрение|Ф.Дюрренматт|
11:15|пятнадцать минут двенадцатого|Часы показывали уже пятнадцать минут двенадцатого. Все были в сборе, кроме Артиста. Горобец нервно барабанил пальцами по столу. Мои парни были несколько напряжены. Они не привыкли к тому, что каждый их шаг контролируется сверху. Наше спецподразделение обычно действовало самостоятельно. Впрочем, сейчас я прекрасно понимал волнение Горобца. В том случае, если Хусаинова убьют, у подполковника будут крупные неприятности и работу он свою наверняка потеряет.|Пятеро против всех|Андрей Таманцев|nsfw
11:16|шестнадцать минут двенадцатого|Он посмотрел на часы. Ему казалось, что уже двадцать минут двенадцатого, а было только шестнадцать минут двенадцатого. У него были красивые, тяжелые, золотые часы; он получил их от деда Эммануила в день своего тринадцатилетия, когда его впервые вызвали к торе.|Семья Опперман|Лион Фейхтвангер|sfw
11:20|двадцать минут двенадцатого|Он посмотрел на часы. Ему казалось, что уже двадцать минут двенадцатого, а было только шестнадцать минут двенадцатого. У него были красивые, тяжелые, золотые часы; он получил их от деда Эммануила в день своего тринадцатилетия, когда его впервые вызвали к торе.|Семья Опперман|Лион Фейхтвангер|sfw
11:25|двадцать пять минут двенадцатого|Теперь, должно быть, уже двадцать пять минут двенадцатого. Нет, двадцать одна. Только бы сидеть прямо, не опускать головы. Бертольду придется тяжелей. Ему, Мартину, приходится только сидеть. А мальчик его должен стать перед товарищами и сказать: "То, что я выдавал за правду, - ложь. Я лгал". Одиннадцать часов тридцать минут. Мартин подзывает ближайшего служащего и просит напомнить господину Вельсу, что он его ждет.|Семья Опперман|Лион Фейхтвангер|sfw
11:25|двадцать пять минут двенадцатого|- Сейчас двадцать пять минут двенадцатого, - возразил Эменбергер. - Вы очень любезны, напоминая мне о времени, - простонал старик, дрожа от гнева и бессилия.|Подозрение|Ф.Дюрренматт|sfw
11:28|двадцать восемь минут двенадцатого|И он сжимал в потном кулаке скомканную записку, сидя у окошка готового к отправлению вагона, отсчитывая время до отхода, которое теперь пошло скачками, очень быстро. Кругом все спрашивали и повторяли: сорок минут осталось... Сейчас точно двадцать восемь минут двенадцатого... Семнадцать минут до отхода!..|Одна жизнь|Федор Федорович Кнорре|sfw
11:30|Одиннадцать часов тридцать минут|Теперь, должно быть, уже двадцать пять минут двенадцатого. Нет, двадцать одна. Только бы сидеть прямо, не опускать головы. Бертольду придется тяжелей. Ему, Мартину, приходится только сидеть. А мальчик его должен стать перед товарищами и сказать: "То, что я выдавал за правду, - ложь. Я лгал". Одиннадцать часов тридцать минут. Мартин подзывает ближайшего служащего и просит напомнить господину Вельсу, что он его ждет.|Семья Опперман|Лион Фейхтвангер|sfw
11:30|ровно в половине двенадцатого|- Так вот, сэр, я и подумал, что, если вы подождете один в саду и я вас впущу ровно в половине двенадцатого через дверь в конце коридора, выходящую в сад, вы поспеете как раз вовремя и поможете мне разрушить замыслы этого дурного человека, к которому я, по несчастью, попал в лапы.|Посмертные записки Пиквикского Клуба|Чарльз Диккенс|sfw
11:30|половины двенадцатого|- Ах, вот оно что. Ты просто голодна, Делла. Давай разбираться с письмами. Забудем об Эдварде Картере Джилмане до половины двенадцатого.|Двойник дочери|Эрл Стенли Гарднер|sfw
11:32|тридцать две минуты двенадцатого|Он покосился на телефонный аппарат. Молчит... Совещание "наверху" еще не кончилось, Было тридцать две минуты двенадцатого.|Дом скитальцев|Александр Мирер|sfw
11:33|тридцать три минуты двенадцатого|Было тридцать три минуты двенадцатого, когда в глубине холла послышался какой-то шум. Этот шум исходил из катафалка, с которого погребальный покров соскользнул на пол, точно сдернутый чьей-то невидимой рукой. И тогда - о, чудо! - в то время как Лисси Вэг прижималась к плечу Макса Реаля, крышка гроба медленно приподнялась и лежавшее в нем тело привстало... А в следующую минуту все присутствующие увидели перед собой не мертвеца - нет, но человека живого, вполне живого, и человек этот был не кто иной, как покойный Уильям Гиппербон!|Завещание чудака|Жюль Верн|sfw
11:35|тридцать пять минут двенадцатого|Сражение началось поздно. Наполеон, как мы уже говорили, имел обыкновение сосредоточивать в своих руках всю артиллерию, целясь, словно из пистолета, то в одно, то в другое место поля битвы; и теперь он поджидал, когда батареи, поставленные на колеса, смогут быстро и свободно передвигаться; для этого необходимо было выглянуть солнцу и обсушить землю. Но солнце не выглянуло. Под Аустерлицем оно встретило его по-другому! Когда раздался первый пушечный залп, английский генерал Кольвиль, взглянув на часы, отметил, что было тридцать пять минут двенадцатого.|Отверженные (Часть 1,2)|Виктор Мари Гюго|sfw
11:40|двадцати минут двенадцать|Хотя часы служили ему давно, но он и теперь, как всегда при людях, с удовольствием глянул на их большие золотые крышки. Было без двадцати минут двенадцать.|Мелкий бес|Федор Кузьмич Сологуб|sfw
11:40|без двадцати двенадцать|Схватил шапку и бежать. И пирога не доел. Что делать! Хотел за ним, совета попросить, смотрю -- а уж без двадцати двенадцать: в ресторан надо. А день праздничный, бойкий, и надо начеку быть.|Человек из ресторана|Иван Шмелев|sfw
11:45|сорок пять минут двенадцатого|Было сорок пять минут двенадцатого, и ничего другого не оставалось, как ожидать телеграммы, которая, несомненно, была послана из Чикаго. Ждать ее пришлось недолго. В одиннадцать часов пятьдесят три минуты затрещал телеграфный аппарат, его механизм пришел в действие, и узкая полоска бумажной ленты начала разматываться.|Завещание чудака|Жюль Верн|sfw
11:52|без восьми минут двенадцать|- И слушать ничего не буду. Извольте быстро одеться. Я жду вас тут, в коридоре. Прошу иметь в виду, что сейчас - без восьми минут двенадцать.|Гостиница "Лондонская"|Алексей Иванович Пантелеев|sfw
11:53|одиннадцать часов пятьдесят три минуты|Ждать ее пришлось недолго. В одиннадцать часов пятьдесят три минуты затрещал телеграфный аппарат, его механизм пришел в действие, и узкая полоска бумажной ленты начала разматываться.|Завещание чудака|Жюль Верн|sfw
11:57|без трёх минут двенадцать|Вниз сошел помощник капитана. Отдал честь: -- Мадам Ламоль, без трёх минут двенадцать, сейчас будут вызывать по радио...|Гиперболоид инженера Гарина|Алексей Толстой|sfw
11:57|без трех минут двенадцать|Врач замолчал. Он медленно поднялся и сел на операционный стол. Часы над ним показывали без трех минут двенадцать, без двух, без одной...|Подозрение|Ф.Дюрренматт|sfw
12:00|полдень|Был жаркий полдень, листок не шевелился, ветер подувал то с той, то с другой стороны.|Облако|Константин Аксаков|sfw
12:00|12|Княжна взглянула на часы и, заметив, что она уже пять минут пропустила то время, которое должна была употреблять для игры на клавикордах, с испуганным видом пошла в диванную. Между 12 и 2 часами, сообразно с заведенным порядком дня, князь отдыхал, а княжна играла на клавикордах.|Война и мир. Том 1|Лев Николаевич Толстой|sfw
12:00|12 часов|Молодой император не мог воздержаться от желания присутствовать при сражении и, несмотря на все представления придворных, в 12 часов, отделившись от 3-й колонны, при которой он следовал, поскакал к авангарду. Еще не доезжая до гусар, несколько адъютантов встретили его с известием о счастливом исходе дела.|Война и мир. Том 1|Лев Николаевич Толстой|sfw
12:45|три четверти первого|Было три четверти первого, когда Эбсон поднялся с земли, всклокоченный, грязный и исцарапанный и, вытирая вспотевший лоб, проговорил: - Ну, довольно!|Трое на четырех колесах|Джером К.Джером|sfw
12:45|сорок пять минут первого пополудни|Издали, с глухим гулом, подходил пассажирский поезд, вышедший из Парижа сорок пять минут первого пополудни. Слышно было, как он вышел из туннеля, пыхтение его становилось с каждым мгновением все громче. Затем он пронесся мимо, словно ураган, и грохот его колес постепенно замолк в отдалении.|Человек-зверь|Эмиль Золя|sfw
12:55|без пяти минут одиннадцать|-- Теперь без пяти минут одиннадцать, -- еще громче и отчётливее сказал он. -- Я утверждаю, что никакого Бога нет! И приведу только одно доказательство. Даю вашему Богу, уважаемый пастор, пять минут времени. Если он существует, то пусть поразит меня за богохульство...|Самоубийство|Марк Алданов|sfw
13:00|1 час пополудни|В черном ободке было напечатано: «Прасковья Федоровна Головина с душевным прискорбием извещает родных и знакомых о кончине возлюбленного супруга своего, члена Судебной палаты, Ивана Ильича Головина, последовавшей 4-го февраля сего 1882 года. Вынос тела в пятницу, в 1 час пополудни».|Смерть Ивана Ильича|Лев Николаевич Толстой|sfw
13:00|ровно в час|На следующий день, ровно в час, Герствуд явился в маленький парк и выбрал деревянную скамью под зеленой листвой сирени, окаймлявшей одну из дорожек.|Сестра Керри|Теодор Драйзер|sfw
13:40|два без двадцати минут|В своей комнате он взглянул запухшими от слез глазами на часы и испугался: два без двадцати минут! Торопясь и стараясь не шуметь, он свёл велосипед с балкона, тихо и скоро повел его по двору. За воротами вскочил в седло и, круто согнувшись, бешено заработал ногами, прыгая по песчаным ухабам просеки, среди бегущей на него с двух сторон и сквозящей на предрассветном небе частой черноты стволов.|Зойка и Валерия|Иван Бунин|sfw
13:45|без четверти два|Комиссар был доволен. Судебный врач смог установить, что убийство произошло что-то между двенадцатью и тремя, а показания этой девчушки давали возможность определить время гораздо точнее - между половиной второго и без четверти два. Очень важно знать, когда именно было совершено преступление.|Калле Блюмквист - сыщик|Астрид Линдгрен|sfw
14:00|четырнадцать часов|- Президиум принимает данное предложение, - уступил Фазиль. - Заседание возобновится ровно в четырнадцать часов, - молоток ударил по подставке.|Звездный лис|Пол Андерсон|sfw
14:00|до двух часов дня|Русские войска проходили через Москву с двух часов ночи и до двух часов дня и увлекали за собой последних уезжавших жителей и раненых.|Война и мир. Том 3|Лев Николаевич Толстой|sfw
14:08|два часа восемь минут|Вся суть этих игр заключалась в том, что выигравшей полагалось красоваться у самой железнодорожной насыпи и ждать поезда из Тигре, который ровно в два часа восемь минут проходил мимо нашего дома.|Конец игры|Хулио Кортасар|sfw
15:00|три часа дня|Страж вывел меня на площадь перед Воротами. Под ярким солнцем в три часа дня моя тень густо и явственно отпечатывалась на земле.|Страна чудес без тормозов и конец света|Харуки Мураками|sfw
15:00|три часа дня|Полк выступал ровно в три часа дня, чтобы, не торопя людей, прийти вовремя к смене. Лошадей пришлось взять только наиболее крепких и для неотложных нужд: под полевые кухни, пулеметы, патронные двуколки, повозки обоза первого разряда.|Преображение России. Лютая зима.|Сергей Николаевич Сергеев-Ценский|sfw
15:45|три часа сорок пять минут|Потом мы поругались с продавщицей мороженого, выпили по бутылочке теплого пивка, разбили видеокамеру косоглазому путешественнику, замудохались, плюнули на все, прикупили бухла, цитрусовых пряников и с опозданием на три часа сорок пять минут с букетиком контрабандных эдельвейсов прибыли на именины к Фридману, пятые или шестые в этом году.|Книга счастья. Новый русский водевиль|Игорь Плотник|nsfw
15:45|без четверти четыре|Николая томила жажда, но он отпил из фляги только один глоток, зная по опыту, как дорога во время боя каждая капля воды. Он посмотрел на часы. Было без четверти четыре. В томительном ожидании прошло еще с полчаса.|Они сражались за Родину|Михаил Шолохов|sfw
16:00|16 часов утра|За ночь и приготовил экстракт корня и в воскресенье, примерно в 16 часов утра, я пришел к месту своего растения. Я сел перед ним. Я вновь перечитал записи и сообразил, что тут мне не нужно размалывать семена. Каким-то образом, простое нахождение перед растением давало мне чувство редкой эмоциональной устойчивости, ясности мысли или же силы концентрироваться на своих поступках, чего я обычно совсем лишен.|Разговоры с доном Хуаном|Карлос Кастанеда|sfw
16:15|четверть пятого|Труш каждый день выходил из дому пунктуально без четверти десять и возвращался четверть пятого; по вечерам он всегда сидел дома.|Завоевание|Эмиль Золя|sfw
16:30|Половина пятого|"Траляля взглянул на свои часы и сказал: - Половина пятого. - Подеремся часов до шести, а потом пообедаем, - предложил Труляля. - Что ж, - отвечал со вздохом Траляля, - решено. А _она_ пусть смотрит!"|Алиса в Зазеркалье|Льюис Кэрролл|sfw
16:30|около половины пятого|Встреча с разъездом противника произошла около половины пятого. Когда появилась первая сотня турецкой конницы и начала медленно спускаться с гор, Карабанов снова раскрыл часы: было без восьми минут пять часов.|Баязет|Валентин Пикуль|sfw
16:32|четыре часа тридцать две минуты|Это было и смешно, и жутко. Но вот, наконец, лязгнул нож. Предсмертный хрип. Струя крови. Казнь свершилась ровно в четыре часа тридцать две минуты.|Лесной царь|Мишель Турннье|nsfw
16:50|пять без десяти минут|В пять без десяти минут весь кабинет шведских министров, дипломатический корпус, Шведская Академия, члены Нобелевскаго Комитета и вся эта толпа приглашенных уже на местах и хранят глубокое молчание.|Воспоминанiя|Иван А.Бунин|sfw
16:52|без восьми минут пять часов|Встреча с разъездом противника произошла около половины пятого. Когда появилась первая сотня турецкой конницы и начала медленно спускаться с гор, Карабанов снова раскрыл часы: было без восьми минут пять часов.|Баязет|Валентин Пикуль|sfw
17:00|пяти вечера|-- Отчего вы не взяли нам одного, хоть одного маршала? -- Оттого, что не все делается, как предполагается, и не так регулярно, как на параде. Мы полагали, как я вам говорил, зайти в тыл к семи часам утра, а не пришли и к пяти вечера.|Война и мир. Том 1|Лев Николаевич Толстой|sfw
17:18|восемнадцать минут шестого|На часах в холле восемнадцать минут шестого. Он еще успеет на экспресс. Ожидая очереди у вращающейся двери, Блейк заметил, что на улице по-прежнему льет дождь. Дождь шел весь день, и уличный шум казался из-за него много сильнее.|Пять сорок восемь|Джон Чивер|sfw
17:40|без двадцати минут шесть|Не выпуская руля, привязанного к талии толстым концом, Метлаэн потянулся левой рукой и достал из бортового ящика карманные золотые часы, которые не забывал заводить при всяких условиях сорокадвухдневного скитания по волнам. Приблизив часы к глазам, Метлаэн увидел, что время - без двадцати минут шесть.|Шесть спичек|Александр Степанович Грин|sfw
17:40|без двадцати минут шесть|Некоторое время они молчали. Небо слегка очистилось впереди и темнело, пена перестала летать, срываясь, через головы пловцов, и разбег валов принял более равномерный темп. Не выпуская руля, привязанного к талии толстым концом, Метлаэн потянулся левой рукой и достал из бортового ящика карманные золотые часы, которые не забывал заводить при всяких условиях сорокадвухдневного скитания по волнам. Приблизив часы к глазам, Метлаэн увидел, что время - без двадцати минут шесть.|Шесть спичек|Александр Степанович Грин|sfw
17:45|сорок пять минут шестого|Было сорок пять минут шестого, когда погребальная колесница въехала в ворота Оксвудсского кладбища. Мавзолей находился в центральной его части на берегу маленького озера. Процессия, все в том же изумительном порядке, сопровождаемая теперь еще более шумной и решительной толпой, которую полиции удавалось сдерживать с большим трудом, направилась к озеру, под зеленые своды великолепных деревьев.|Завещание чудака|Жюль Верн|sfw
18:00|все шесть|- С тех пор, - продолжал грустно Болванщик, - Время для меня палец о палец не ударит! И на часах все шесть..."|Приключения Алисы в стране чудес|Льюис Кэрролл|sfw
18:00|шесть часов вечера|Письмо это еще не было подано государю, когда Барклай за обедом передал Болконскому, что государю лично угодно видеть князя Андрея, для того чтобы расспросить его о Турции, и что князь Андрей имеет явиться в квартиру Бенигсена в шесть часов вечера.|Война и мир. Том 3|Лев Николаевич Толстой|sfw
18:55|без пяти семь|Наоборот, было бы подозрительно, если бы вы оказались уж очень точны. - А разве я был неточен? - Не совсем. Вы разговаривали с Уилкинсом без пяти семь.|Тихий американец|Грэм Грин|sfw
19:40|без двадцати восемь|К уху приставил часы - молчат. Крышки открыл - стоят. Черные стрелки стоят на без двадцати восемь. И вдруг еще страшнее Петьке стало.|Часы|Алексей Иванович Пантелеев|sfw
19:45|без четверти восемь|И все-таки он должен быть всегда готов вытерпеть самую ужасную сцену, если нам захочется ее устроить, мгновенно стать несчастным, совершенно несчастным, и через какие-нибудь двадцать минут осыпать нас справедливыми упреками, а через полчаса положительно разъяриться и покинуть нас навеки без четверти восемь, когда нам нужно переодеться к обеду.|Женщина не стоящая внимания|Оскар Уальд|sfw
19:56|без четверти минут восемь|А без четверти минут восемь являются до этого монтера две знакомые ему барышни. Или он их раньше пригласил, или они сами подошли -- неизвестно.|Монтёр|Михаил Зощенко|sfw
20:00|восемь|"Возможно, - продолжает Кэрролл, - ты спросишь: "Как же мне все-таки узнать, что сейчас - восемь часов? Ведь по моим часам я этого не узнаю". Терпение! Ты знаешь: когда наступит восемь часов, твои часы будут верны. Прекрасно! Значит, ты должен держаться следующего правила: гляди, не отрываясь, на свои часы; _как только_ они покажут правильное время, настанет восемь".|Приключения Алисы в стране чудес|Льюис Кэрролл|sfw
20:15|пятнадцать минут девятого|А вы говорите, чудес на свете не бывает. Уже на платформе Семен обнаружил, что в Москве время движется не так, как всюду. Иначе никак невозможно было объяснить того обстоятельства, что стрелки на башне Казанского вокзала показывали пятнадцать минут девятого, в то время как на циферблате навороченных "командирских" часов Семена была половина третьего нового дня.|Книга счастья. Новый русский водевиль|Игорь Плотник|sfw
20:30|двадцать тридцать|На следующий день ровно в двадцать тридцать Мошкин взбежал по лестнице, даванул звонок по указанному в бумажке адресу.|Ключик на старт|Сергей Прокопьев|sfw
20:40|без двадцати девять|- Она играла на автоматах с без двадцати девять до одиннадцати минут десятого. Такси скрылось из моего поля зрения в двенадцать минут десятого.|Двойник дочери|Эрл Стенли Гарднер|sfw
20:45|без четверти девять|Напоследок Керн расспросил доктора Беера, как найти больницу, и ушел. Больницу он разыскал довольно быстро и взглянул на часы. Было без четверти девять. Во втором окне справа света не было. Тем не менее Керн стал ждать.|Возлюби ближнего своего|Эрих Мария Ремарк|sfw
20:50|десяти девять|У меня не всегда есть время развлечься, завтра я могу забыть или раздумать. Однако, без десяти девять; решайте, Седир: спустя десять минут вы направитесь домой или будете идти к горам Ахуан-Скапа.|Вокруг света|Александр Степанович Грин|sfw
20:58|восемь часов пятьдесят восемь минут|В восемь часов пятьдесят восемь минут в отсек вошел капитан-лейтенант, свежий, выбритый, праздничный, скомандовал: "Вольно" и протянул руку к серебряному горлышку красивой бутылки.|Своевременно или несколько позже...|Леонид Сергеевич Соболев|sfw
21:00|десять часов вечера|Наташа в десять часов вечера обещала выйти к Курагину на заднее крыльцо. Курагин должен был посадить ее в приготовленную тройку и везти за 60 верст от Москвы в село Каменку, где был приготовлен расстриженный поп, который должен был обвенчать их. В Каменке и была готова подстава, которая должна была вывезти их на Варшавскую дорогу и там на почтовых они должны были скакать за-границу.|Война и мир. Том 3|Лев Николаевич Толстой|sfw
21:05|пять минут десятого|"Аккуратнейший человек Захаров прибыл на службу, лишь только стрелка часов показала девять по московскому времени, и, к ужасу своему, застал в помещении "Кабаре" милицию и представителей уголовного розыска. В пять минут десятого прибыли следственные власти."|Мастер и Маргарита|Михаил Булгаков|sfw
21:11|одиннадцати минут десятого|- Она играла на автоматах с без двадцати девять до одиннадцати минут десятого. Такси скрылось из моего поля зрения в двенадцать минут десятого.|Двойник дочери|Эрл Стенли Гарднер|sfw
21:12|двенадцать минут десятого|- Она играла на автоматах с без двадцати девять до одиннадцати минут десятого. Такси скрылось из моего поля зрения в двенадцать минут десятого.|Двойник дочери|Эрл Стенли Гарднер|sfw
21:20|двадцать минут десятого|Саша поглядел на часы - было двадцать минут десятого. Скоро стемнеет, подумал он, надо же, попал... Он посмотрел по сторонам: с обеих сторон за сотней метров пересеченной местности - микроскопические холмики, редкие кусты и слишком высокая и сочная трава, заставляющая думать, что под ней болото, - начинался жидкий лес, какой-то нездоровый, как потомство алкоголика.|Проблема верволка в средней полосе|Виктор Пелевин|sfw
21:20|двадцать минут десятого|Мать ждала его не без тревоги. Мальчику предстояло пройти пешком от Кестона, так что он попал домой только в двадцать минут десятого. А ведь ушел из дому, когда еще не было семи.|Сыновья и любовники|Дэвид Герберт Лоуренс|sfw
21:50|Вечером, без десяти десять|Вечером, без десяти десять, я сидел за компьютером Корицы. Включил его, ввел пароли, по порядку обойдя установленные блокировки, получил доступ к удаленной связи.|Хроники заводной птицы|Харуки Мураками|sfw
22:00|десять часов вечера|"Сейчас я зайду к себе на Садовую, а потом в десять часов вечера в МАССОЛИТе состоится заседание, и я буду на нем председательствовать."|Мастер и Маргарита|Михаил Булгаков|sfw
22:00|10 часов вечера|10 часов вечера Ростовы должны были заехать за фрейлиной к Таврическому саду; а между тем было уже без пяти минут десять, а еще барышни не были одеты.|Война и мир. Том 2|Лев Николаевич Толстой|sfw
22:00|10 часов вечера|Она все устроила для Ростовых, и в 10 часов вечера Ростовы должны были за ней заехать к Таврическому саду. Ежели дело шло о купанье, то Наташа все силы устремляла на то, чтобы скорее всех переплыть на ту сторону, ежели о грибах, то она больше и лучше всех набирала грибов, а все, что не касалось грибов и купанья, казалось ей ничтожным.|Война и мир. Первый вариант романа|Толстой Лев Николаевич|sfw
23:55|без пяти минут полночь|-- Ну, -- сказал он, вынимая часы, -- назначено в двенадцать, теперь без пяти минут полночь.|Золотая цепь|Александр Грин|sfw
